title,location,price,added
Terrains de 225 mètres carrés à vendre à Sindia Sénégal,Terrains de 225 mètres carrés à vendre à Sindia Sénégal,1.800.000Fr par parcelle,
Terrains de 200 mètres carrés à vendre à Thiès Sénégal,Terrains de 200 mètres carrés à vendre à Thiès Sénégal,500.000Fr par parcelle,
Villa à vendre à Nianing Sénégal,Villa à vendre à Nianing Sénégal,62.000.000Fr,
NOTRE MISSION :,Immobilier au Sénégal,,
Remplissez le formulaire et un de nos conseillers vous contactera dans les 24 heures,,,
Terrain de 300 mètres carrés à vendre à Malicounda,"Sénégal, Malicounda Extension",4.000.000Fr,Ajout :
Terrain de 2000 mètres carrés à vendre à Nguérigne Sénégal,Terrain de 2000 mètres carrés à vendre à Nguérigne Sénégal,70.000.000Fr,Ajout :
Terrain de 300 mètres carrés à vendre à Malicounda Sénégal,Terrain de 300 mètres carrés à vendre à Malicounda Sénégal,4.000.000Fr,Ajout :
Terrain de 600 mètres carrés à vendre à Saly Sénégal,Terrain de 600 mètres carrés à vendre à Saly Sénégal,50.000.000Fr,Ajout :
Maison à vendre à Saly Sénégal,Maison à vendre à Saly Sénégal,25.000.000Fr,Ajout :
Terrain de 500 mètres carrés à vendre à Nguérigne Sénégal,Terrain de 500 mètres carrés à vendre à Nguérigne Sénégal,19.000.000Fr,Ajout :
Types de bien,,,
Trouvez votre bien…,,,
